tdg&iter_descent_v3[10000, 1]
time,|TSS|
84.13419485092163,1526
79.30766320228577,1534
