tdg&iter_descent_v3[10000, 1]
time,|TSS|
98.62933921813965,163
99.58256030082703,166
96.19708752632141,176
88.13839149475098,170
85.11224627494812,175
84.75410795211792,163
86.35807418823242,156
88.83211970329285,182
84.8380970954895,169
86.1972873210907,162
88.20914959907532,168
87.1379554271698,167
85.10987901687622,171
91.22062730789185,160
88.70901465415955,177
82.46554923057556,178
88.91928029060364,176
89.90481114387512,170
81.66756629943848,173
87.02881693840027,172
